[
  {
    "title": "Lorem ipsum dolor sit amet",
    "subtitle": "Consectetur adipiscing elit",
    "text": "Lorem ipsum dolor sit amet, consectetur adipiscing elit. Integer sodales velit vel turpis blandit, at malesuada massa iaculis. Etiam aliquam ex at tellus tincidunt suscipit ac in mauris.",
    "link": "http://google.com"
  },
  {
    "title": "Consectetur adipiscing elit",
    "subtitle": "Integer sodales velit",
    "text": "Lorem ipsum dolor sit amet, consectetur adipiscing elit. Integer sodales velit vel turpis blandit, at malesuada massa iaculis. Etiam aliquam ex at tellus tincidunt suscipit ac in mauris.",
    "link": "http://google.com"
  },
  {
    "title": "Nullam consectetur dictum congue",
    "subtitle": "Consectetur adipiscing elit",
    "text": "Lorem ipsum dolor sit amet, consectetur adipiscing elit. Integer sodales velit vel turpis blandit, at malesuada massa iaculis. Etiam aliquam ex at tellus tincidunt suscipit ac in mauris.",
    "link": "http://google.com"
  },
  {
    "title": "Phasellus cursus urna id consequat porttitor",
    "subtitle": "Lorem ipsum dolor sit amet",
    "text": "Lorem ipsum dolor sit amet, consectetur adipiscing elit. Integer sodales velit vel turpis blandit, at malesuada massa iaculis. Etiam aliquam ex at tellus tincidunt suscipit ac in mauris.",
    "link": "http://google.com"
  },
  {
    "title": "Duis ac porttitor magna",
    "subtitle": "Donec nec enim enim",
    "text": "Lorem ipsum dolor sit amet, consectetur adipiscing elit. Integer sodales velit vel turpis blandit, at malesuada massa iaculis. Etiam aliquam ex at tellus tincidunt suscipit ac in mauris.",
    "link": "http://google.com"
  },
  {
    "title": "Donec nec enim enim",
    "subtitle": "Consectetur adipiscing elit",
    "text": "Lorem ipsum dolor sit amet, consectetur adipiscing elit. Integer sodales velit vel turpis blandit, at malesuada massa iaculis. Etiam aliquam ex at tellus tincidunt suscipit ac in mauris.",
    "link": "http://google.com"
  }
]